id,name,age,address
1,John Smith,28,123 Maple Street
2,Jane Doe,34,456 Oak Avenue
3,Michael Johnson,45,789 Pine Road
4,Emily Davis,22,101 Elm Street
5,Christopher Brown,31,202 Birch Lane
6,Amanda Wilson,29,303 Cedar Boulevard
7,Joshua Miller,40,404 Spruce Drive
8,Jessica Taylor,27,505 Walnut Avenue
9,Daniel Anderson,36,606 Chestnut Street
10,Laura Thomas,33,707 Ash Road
11,Matthew Jackson,38,808 Poplar Lane
12,Olivia White,25,909 Fir Street
13,David Harris,42,1010 Maple Street
14,Emma Martin,30,1111 Oak Avenue
15,Andrew Thompson,37,1212 Pine Road
16,Sophia Garcia,26,1313 Elm Street
17,James Martinez,41,1414 Birch Lane
18,Isabella Robinson,24,1515 Cedar Boulevard
19,Alexander Clark,39,1616 Spruce Drive
20,Mia Rodriguez,32,1717 Walnut Avenue
21,William Lewis,35,1818 Chestnut Street
22,Ava Lee,28,1919 Ash Road
23,Joseph Walker,44,2020 Poplar Lane
24,Charlotte Hall,29,2121 Fir Street
25,Samuel Allen,31,2222 Maple Street
26,Amelia Young,27,2323 Oak Avenue
27,Henry King,43,2424 Pine Road
28,Evelyn Wright,33,2525 Elm Street
29,Michael Scott,36,2626 Birch Lane
30,Abigail Green,25,2727 Cedar Boulevard
31,Benjamin Adams,40,2828 Spruce Drive
32,Harper Baker,30,2929 Walnut Avenue
33,Elijah Gonzalez,34,3030 Chestnut Street
34,Elizabeth Nelson,28,3131 Ash Road
35,Lucas Carter,38,3232 Poplar Lane
36,Sofia Mitchell,26,3333 Fir Street
37,Jackson Perez,41,3434 Maple Street
38,Ella Roberts,29,3535 Oak Avenue
39,Logan Turner,31,3636 Pine Road
40,Grace Phillips,27,3737 Elm Street
41,Oliver Campbell,42,3838 Birch Lane
42,Chloe Parker,33,3939 Cedar Boulevard
43,Jacob Evans,35,4040 Spruce Drive
44,Scarlett Edwards,28,4141 Walnut Avenue
45,Ethan Collins,37,4242 Chestnut Street
46,Victoria Stewart,26,4343 Ash Road
47,Mason Sanchez,40,4444 Poplar Lane
48,Penelope Morris,32,4545 Fir Street
49,Alexander Rogers,39,4646 Maple Street
50,Lillian Reed,25,4747 Oak Avenue
51,Jackson Cook,36,4848 Pine Road
52,Addison Morgan,30,4949 Elm Street
53,Daniel Bell,41,5050 Birch Lane
54,Aria Murphy,27,5151 Cedar Boulevard
55,Matthew Bailey,33,5252 Spruce Drive
56,Zoey Rivera,28,5353 Walnut Avenue
57,David Cooper,38,5454 Chestnut Street
58,Stella Richardson,29,5555 Ash Road
59,James Cox,35,5656 Poplar Lane
60,Lucy Howard,26,5757 Fir Street
61,Michael Ward,42,5858 Maple Street
62,Ellie Brooks,30,5959 Oak Avenue
63,Joshua Gray,37,6060 Pine Road
64,Willow James,25,6161 Elm Street
65,Andrew Bennett,39,6262 Birch Lane
66,Layla Hughes,28,6363 Cedar Boulevard
67,William Foster,43,6464 Spruce Drive
68,Aria Simmons,27,6565 Walnut Avenue
69,Joseph Bryant,31,6666 Chestnut Street
70,Madison Alexander,30,6767 Ash Road
71,Samuel Russell,36,6868 Poplar Lane
72,Leah Griffin,25,6969 Fir Street
73,Christopher Diaz,38,7070 Maple Street
74,Zoey Hayes,29,7171 Oak Avenue
75,Benjamin Myers,34,7272 Pine Road
76,Harper Ford,26,7373 Elm Street
77,Alexander Hamilton,41,7474 Birch Lane
78,Amelia Graham,32,7575 Cedar Boulevard
79,Henry Sullivan,39,7676 Spruce Drive
80,Isabella Wallace,28,7777 Walnut Avenue
81,Lucas Woods,37,7878 Chestnut Street
82,Evelyn Cole,27,7979 Ash Road
83,Michael West,40,8080 Poplar Lane
84,Sophia Jordan,33,8181 Fir Street
85,Daniel Butler,35,8282 Maple Street
86,Mia Perry,25,8383 Oak Avenue
87,James Jenkins,42,8484 Pine Road
88,Charlotte Powell,30,8585 Elm Street
89,Oliver Long,36,8686 Birch Lane
90,Ava Patterson,28,8787 Cedar Boulevard
91,Elijah Hughes,38,8888 Spruce Drive
92,Emma Flores,27,8989 Walnut Avenue
93,Logan Washington,41,9090 Chestnut Street
94,Abigail Butler,29,9191 Ash Road
95,William Simmons,31,9292 Poplar Lane
96,Chloe Foster,26,9393 Fir Street
97,Jacob Ward,37,9494 Maple Street
98,Grace Howard,32,9595 Oak Avenue
99,Ethan Brooks,40,9696 Pine Road
100,Victoria Rogers,33,9797 Elm Street